,Accuracy,Precision,Recall,F1
"Logistic regression, Oversampled",0.5125,0.5186246418338109,0.4773626373626373,0.4971389333943694
"Logistic regression, Undersampled",0.5039018952062431,0.496751624187906,0.5625353706847764,0.5276008492569002
"Random Forest, Oversampled",0.5261984392419174,0.5135026199113261,0.7209960384833051,0.5998116760828626
"Random Forest, Undersampled",0.5052954292084727,0.4978378378378378,0.5212224108658744,0.5092618191871716
"Decision Tree, Oversampled",0.8473372781065088,0.7899159663865546,0.9503296703296704,0.8627294493216281
"Decision Tree, Undersampled",0.4997212931995541,0.4922992299229923,0.5065082059988681,0.499302649930265
"K-Nearest, Oversampled",0.511984392419175,0.5071047957371225,0.32314657611771364,0.39474593847217426
