,Accuracy,Precision,Recall,F1
"Logistic regression, Oversampled",0.5125,0.5186246418338109,0.4773626373626373,0.4971389333943694
"Logistic regression, Undersampled",0.5039018952062431,0.496751624187906,0.5625353706847764,0.5276008492569002
"Random Forest, Oversampled",0.5164437012263099,0.5061208875286917,0.7487266553480475,0.6039716959598266
"Random Forest, Undersampled",0.5052954292084727,0.4978378378378378,0.5212224108658744,0.5092618191871716
"Decision Tree, Oversampled",0.8452662721893491,0.7882811548300646,0.948131868131868,0.8608487428495408
"Decision Tree, Undersampled",0.511984392419175,0.5043763676148797,0.5217883418222977,0.5129346314325453
