,Accuracy,Precision,Recall,F1
"Logistic regression, Oversampled",0.7253698224852071,0.7715532286212915,0.6477655677655678,0.7042612504978097
"Logistic regression, Undersampled",0.7318840579710145,0.7646285338593031,0.6581777023203169,0.7074209245742094
"Logistic regression, PCA",0.7219571729723733,0.7798810167658193,0.6302447552447552,0.6971235194585449
"Random Forest, Oversampled",0.7310479375696767,0.8108527131782945,0.5919637804187889,0.6843310435067059
"Random Forest, Undersampled",0.5052954292084727,0.4978378378378378,0.5212224108658744,0.5092618191871716
"Decision Tree, Oversampled",0.8744082840236687,0.8221691592308659,0.9585347985347985,0.8851305641997023
"Decision Tree, Undersampled",0.6496655518394648,0.6426174496644296,0.6502546689303905,0.6464135021097046
"K-Nearest, Oversampled",0.7319526627218935,0.7364455606441128,0.7304029304029304,0.7334117993232308
"K-Nearest, Undersampled",0.5638238573021181,0.5923217550274223,0.36672325976230896,0.4529884655714786
