,Accuracy,Precision,Recall,F1
"Logistic regression, Oversampled",0.7247781065088758,0.7705718270571827,0.6476190476190476,0.7037656237560704
"Logistic regression, Undersampled",0.7318840579710145,0.7646285338593031,0.6581777023203169,0.7074209245742094
"Logistic regression, PCA",0.7219571729723733,0.7798810167658193,0.6302447552447552,0.6971235194585449
"Random Forest, Oversampled",0.7310479375696767,0.8108527131782945,0.5919637804187889,0.6843310435067059
"Random Forest, Undersampled",0.5052954292084727,0.4978378378378378,0.5212224108658744,0.5092618191871716
"Decision Tree, Oversampled",0.8834319526627219,0.8331006472902652,0.9617582417582418,0.8928182807399347
"Decision Tree, Undersampled",0.6496655518394648,0.6426174496644296,0.6502546689303905,0.6464135021097046
"K-Nearest, Oversampled",0.7319526627218935,0.7364455606441128,0.7304029304029304,0.7334117993232308
"K-Nearest, Undersampled",0.5638238573021181,0.5923217550274223,0.366723259762309,0.45298846557147854
